date,temp_mean,humidity_mean,wind_speed_mean,precipitation_sum,VELO_IN,VELO_OUT,FUSS_IN,FUSS_OUT
2025-01-01,0.65,86.08333333333333,4.75,0.0,5094.0,2558.0,1188.0,1099.0
2025-01-02,3.141666666666667,76.95833333333333,12.6625,14.5,5086.0,2423.0,541.0,448.0
2025-01-03,-0.30833333333333335,87.33333333333333,5.908333333333334,1.4,9073.0,4420.0,450.0,404.0
2025-01-04,-1.9000000000000001,80.91666666666667,3.1833333333333336,0.6,7129.0,3551.0,457.0,388.0
2025-01-05,1.8458333333333334,93.0,4.608333333333333,15.0,5000.0,2641.0,630.0,565.0
2025-01-06,4.954166666666667,80.375,6.804166666666667,6.9,17708.0,9167.0,554.0,441.0
2025-01-07,3.9250000000000003,81.58333333333333,13.595833333333333,2.4,19895.0,10544.0,477.0,438.0
2025-01-08,3.125,91.66666666666667,6.2,11.4,14889.0,7574.0,297.0,225.0
2025-01-09,4.616666666666666,86.75,12.654166666666667,11.6,18526.0,9325.0,468.0,369.0
2025-01-10,0.6625,81.83333333333333,4.116666666666666,0.1,17842.0,9061.0,566.0,523.0
2025-01-11,-0.8333333333333334,78.79166666666667,5.7749999999999995,0.0,12064.0,6098.0,1431.0,1206.0
2025-01-12,-1.8333333333333333,78.54166666666667,7.141666666666667,0.0,7797.0,3957.0,1347.0,1243.0
2025-01-13,-2.6916666666666664,75.29166666666667,12.116666666666667,0.0,18587.0,9689.0,481.0,404.0
2025-01-14,-2.8874999999999997,81.91666666666667,3.8541666666666665,0.0,19708.0,10324.0,590.0,550.0
2025-01-15,-1.125,90.375,5.0625,0.30000000000000004,18654.0,9971.0,541.0,417.0
2025-01-16,1.0125,87.875,10.079166666666667,0.0,20274.0,10602.0,540.0,391.0
2025-01-17,-0.43333333333333335,91.95833333333333,5.316666666666666,0.0,17657.0,9164.0,400.0,359.0
2025-01-18,-0.9083333333333333,88.29166666666667,4.541666666666667,0.0,11036.0,5596.0,738.0,675.0
2025-01-19,-0.4375,90.25,2.1166666666666667,0.4,7788.0,4068.0,964.0,821.0
2025-01-20,-0.9083333333333333,90.875,1.7208333333333332,0.0,18814.0,10013.0,480.0,441.0
2025-01-21,-0.8041666666666667,92.25,1.5791666666666666,0.30000000000000004,20312.0,10740.0,509.0,378.0
2025-01-22,-1.125,94.95833333333333,2.3916666666666666,0.0,19020.0,10109.0,422.0,346.0
2025-01-23,1.9916666666666665,92.875,5.133333333333334,4.7,16984.0,8627.0,458.0,315.0
2025-01-24,3.0833333333333335,88.79166666666667,5.133333333333334,0.0,19653.0,9974.0,787.0,706.0
2025-01-25,5.608333333333333,74.83333333333333,4.383333333333334,0.0,14147.0,7358.0,1313.0,1029.0
2025-01-26,4.945833333333334,80.375,8.0375,1.6,10720.0,5788.0,2715.0,2489.0
2025-01-27,5.270833333333333,87.70833333333333,7.145833333333333,21.1,11812.0,5921.0,177.0,109.0
2025-01-28,4.583333333333333,85.5,6.7250000000000005,9.1,17557.0,9229.0,432.0,325.0
2025-01-29,5.083333333333333,75.25,12.025,3.5999999999999996,21461.0,11291.0,890.0,734.0
2025-01-30,2.4875000000000003,87.45833333333333,2.5416666666666665,0.0,22271.0,11601.0,670.0,543.0
2025-01-31,3.3083333333333336,92.625,6.816666666666666,3.9,16552.0,8267.0,335.0,220.0
2025-02-01,1.9416666666666667,84.70833333333333,9.520833333333334,0.0,12119.0,6020.0,634.0,406.0
2025-02-02,1.5166666666666666,89.625,3.9333333333333336,0.0,8266.0,4342.0,865.0,612.0
2025-02-03,1.1208333333333333,93.45833333333333,3.4749999999999996,0.0,19597.0,10542.0,464.0,345.0
2025-02-04,0.375,94.16666666666667,2.3000000000000003,0.0,22679.0,11992.0,803.0,774.0
2025-02-05,-0.5708333333333333,88.20833333333333,2.6041666666666665,0.0,20766.0,10975.0,485.0,433.0
2025-02-06,0.6208333333333333,87.25,7.4750000000000005,0.1,20302.0,10401.0,364.0,281.0
2025-02-07,1.1166666666666667,84.45833333333333,6.2124999999999995,0.0,19224.0,9952.0,641.0,609.0
2025-02-08,1.15,82.95833333333333,2.704166666666667,0.0,12731.0,6291.0,1371.0,1272.0
2025-02-09,2.5,88.375,3.5375,0.0,8950.0,4707.0,1708.0,1463.0
2025-02-10,1.9375,94.5,3.391666666666667,0.7000000000000001,15918.0,8378.0,445.0,359.0
2025-02-11,4.266666666666667,96.54166666666667,2.1625,6.1000000000000005,13419.0,6779.0,250.0,164.0
2025-02-12,6.095833333333334,87.70833333333333,3.6791666666666667,0.9,16386.0,8634.0,523.0,401.0
2025-02-13,4.391666666666667,93.33333333333333,7.05,10.1,13315.0,6762.0,234.0,163.0
2025-02-14,-0.5291666666666667,85.125,9.266666666666667,2.2,11998.0,5891.0,269.0,219.0
2025-02-15,-1.0916666666666666,78.29166666666667,7.333333333333333,0.0,9687.0,4292.0,831.0,777.0
2025-02-16,-0.075,79.95833333333333,4.8125,0.0,7166.0,3750.0,986.0,806.0
2025-02-17,0.20833333333333334,82.25,5.779166666666666,0.0,16333.0,8290.0,365.0,307.0
2025-02-18,0.6124999999999999,83.79166666666667,6.708333333333333,0.0,18012.0,9251.0,397.0,297.0
2025-02-19,0.5041666666666667,82.20833333333333,3.6041666666666665,0.0,18169.0,9394.0,551.0,536.0
2025-02-20,2.9250000000000003,83.5,2.158333333333333,0.0,18402.0,9700.0,574.0,493.0
2025-02-21,4.0249999999999995,82.625,1.3583333333333334,0.0,18303.0,9375.0,871.0,828.0
2025-02-22,5.8125,82.33333333333333,2.966666666666667,0.0,14631.0,7552.0,1057.0,877.0
2025-02-23,6.604166666666667,91.625,1.8208333333333335,4.4,8287.0,4340.0,543.0,398.0
2025-02-24,6.0625,90.0,2.4541666666666666,0.0,22456.0,12001.0,510.0,412.0
2025-02-25,6.6375,87.20833333333333,4.108333333333333,0.4,23414.0,12250.0,491.0,349.0
2025-02-26,4.295833333333333,81.41666666666667,15.379166666666668,1.4,18879.0,9612.0,290.0,197.0
2025-02-27,1.5,94.16666666666667,5.041666666666667,5.2,19536.0,9937.0,395.0,287.0
2025-02-28,2.716666666666667,78.95833333333333,4.558333333333334,0.2,21316.0,10839.0,621.0,470.0
2025-03-01,2.1166666666666667,81.45833333333333,13.308333333333332,0.0,13283.0,6672.0,672.0,486.0
2025-03-02,2.6833333333333336,78.41666666666667,7.604166666666667,0.0,10851.0,5791.0,1814.0,1535.0
2025-03-03,2.5333333333333337,84.91666666666667,2.154166666666667,0.0,24166.0,12780.0,1198.0,1061.0
2025-03-04,3.016666666666667,84.20833333333333,1.2416666666666667,0.0,27612.0,14640.0,1163.0,1043.0
2025-03-05,3.9625,80.875,1.0250000000000001,0.0,27715.0,14724.0,1443.0,1310.0
2025-03-06,5.833333333333333,71.54166666666667,2.5124999999999997,0.0,28840.0,15207.0,1107.0,1111.0
2025-03-07,6.3125,68.79166666666667,2.254166666666667,0.0,26188.0,13650.0,1322.0,1204.0
2025-03-08,6.375,71.45833333333333,2.470833333333333,0.0,20276.0,10412.0,2050.0,1849.0
2025-03-09,8.191666666666666,63.291666666666664,4.166666666666667,0.0,14994.0,8579.0,2648.0,2148.0
2025-03-10,6.970833333333334,82.95833333333333,5.3500000000000005,1.2000000000000002,1373.0,1241.0,0.0,0.0
2025-03-11,7.0625,79.33333333333333,2.504166666666667,1.1,28730.0,15487.0,912.0,748.0
2025-03-12,5.841666666666666,94.91666666666667,3.4583333333333335,5.2,20205.0,10605.0,394.0,265.0
2025-03-13,5.258333333333334,84.79166666666667,6.820833333333333,3.8000000000000003,20541.0,10960.0,475.0,305.0
2025-03-14,4.058333333333334,76.83333333333333,7.229166666666667,0.5,21850.0,11566.0,526.0,436.0
2025-03-15,4.541666666666667,81.33333333333333,13.5625,1.7,13064.0,6896.0,560.0,372.0
2025-03-16,3.345833333333333,92.54166666666667,5.054166666666666,6.3,7173.0,3901.0,595.0,373.0
2025-03-17,4.304166666666666,76.16666666666667,11.383333333333333,0.0,22898.0,12855.0,624.0,628.0
2025-03-18,3.283333333333333,73.58333333333333,6.9375,0.0,27121.0,15051.0,1187.0,1056.0
2025-03-19,5.266666666666667,72.25,1.7458333333333333,0.0,28379.0,16137.0,1291.0,1123.0
2025-03-20,7.683333333333334,70.54166666666667,1.8541666666666667,0.0,29536.0,16466.0,1201.0,1025.0
2025-03-21,9.487499999999999,65.58333333333333,4.004166666666666,0.0,26092.0,14465.0,860.0,648.0
2025-03-22,11.933333333333335,58.375,6.483333333333333,0.0,22649.0,12448.0,2075.0,1814.0
2025-03-23,9.008333333333333,81.08333333333333,4.495833333333334,3.5999999999999996,12029.0,6928.0,1648.0,1396.0
2025-03-24,8.966666666666667,82.70833333333333,4.1625000000000005,1.4,22204.0,12344.0,665.0,499.0
2025-03-25,8.383333333333333,88.54166666666667,2.1083333333333334,6.5,24634.0,13549.0,504.0,377.0
2025-03-26,8.091666666666667,84.41666666666667,4.5,6.1,21390.0,11699.0,407.0,274.0
2025-03-27,7.733333333333333,79.04166666666667,13.004166666666668,0.0,26231.0,14703.0,561.0,425.0
2025-03-28,6.254166666666666,83.375,3.795833333333333,0.0,25026.0,13738.0,711.0,507.0
2025-03-29,7.570833333333333,89.20833333333333,4.7124999999999995,9.6,11395.0,6160.0,455.0,319.0
2025-03-30,8.454166666666667,75.41666666666667,8.054166666666667,1.2000000000000002,14280.0,8311.0,2489.0,1982.0
2025-03-31,6.866666666666667,72.41666666666667,7.9875,0.8,25969.0,14294.0,727.0,610.0
2025-04-01,6.108333333333333,68.125,20.1375,0.0,28748.0,15659.0,726.0,644.0
2025-04-02,8.791666666666666,71.54166666666667,10.1875,0.0,29698.0,16466.0,1306.0,1132.0
2025-04-03,10.033333333333333,73.41666666666667,4.095833333333333,0.0,31836.0,17624.0,3536.0,2196.0
2025-04-04,11.012500000000001,75.125,3.891666666666667,0.0,30638.0,16249.0,1451.0,1263.0
2025-04-05,11.666666666666666,66.16666666666667,2.3333333333333335,0.0,24135.0,13411.0,2212.0,1810.0
2025-04-06,7.216666666666666,58.916666666666664,14.299999999999999,0.0,15599.0,9067.0,2035.0,1842.0
2025-04-07,5.6125,60.666666666666664,7.570833333333333,0.0,25874.0,12704.0,1000.0,849.0
2025-04-08,6.8374999999999995,66.0,5.004166666666666,0.0,29619.0,14748.0,1206.0,959.0
2025-04-09,8.4375,68.29166666666667,4.1125,0.0,29016.0,14875.0,1156.0,948.0
2025-04-10,9.516666666666667,64.95833333333333,2.2041666666666666,0.0,30274.0,15179.0,3137.0,1934.0
2025-04-11,10.5,68.0,1.7874999999999999,0.0,28858.0,14634.0,3610.0,2343.0
2025-04-12,11.549999999999999,74.04166666666667,2.9458333333333333,0.0,23070.0,11757.0,3630.0,2397.0
2025-04-13,12.65,77.66666666666667,6.195833333333333,0.2,12727.0,6745.0,2439.0,1567.0
2025-04-14,13.729166666666666,78.70833333333333,5.245833333333334,3.4,23950.0,12106.0,2323.0,1283.0
2025-04-15,12.495833333333335,84.41666666666667,2.4250000000000003,1.4,29635.0,14812.0,2455.0,1542.0
2025-04-16,10.7875,83.875,7.970833333333334,2.4,24532.0,12270.0,2143.0,1069.0
2025-04-17,7.4375,89.91666666666667,9.854166666666666,12.9,15547.0,7412.0,1420.0,743.0
2025-04-18,7.558333333333334,80.33333333333333,5.229166666666667,1.4,10174.0,5167.0,1990.0,1323.0
2025-04-19,10.233333333333333,74.95833333333333,5.2124999999999995,0.0,15316.0,7366.0,2961.0,1849.0
2025-04-20,9.791666666666666,76.25,7.479166666666667,2.6,7861.0,3860.0,1644.0,1118.0
2025-04-21,9.791666666666666,78.75,5.895833333333333,0.30000000000000004,10702.0,5615.0,2189.0,1608.0
2025-04-22,11.558333333333332,72.875,2.1625,0.0,23030.0,11453.0,2384.0,1537.0
2025-04-23,10.775,81.41666666666667,5.0375000000000005,13.8,18721.0,8927.0,1970.0,1206.0
2025-04-24,9.6,80.16666666666667,7.795833333333333,2.5,18741.0,8954.0,1683.0,995.0
2025-04-25,9.495833333333334,87.70833333333333,5.395833333333333,17.2,13834.0,6717.0,1286.0,725.0
2025-04-26,11.195833333333333,77.625,9.420833333333333,0.2,15628.0,7479.0,2716.0,1507.0
2025-04-27,11.808333333333332,77.70833333333333,3.6875,0.0,13826.0,7387.0,2934.0,2217.0
2025-04-28,13.737499999999999,76.375,4.120833333333334,0.0,21013.0,11188.0,2338.0,1329.0
2025-04-29,15.120833333333332,73.45833333333333,3.966666666666667,0.0,28126.0,13746.0,2784.0,1595.0
2025-04-30,15.579166666666666,68.83333333333333,2.5749999999999997,0.0,28108.0,14028.0,2968.0,1735.0
2025-05-01,16.379166666666666,66.33333333333333,2.158333333333333,0.0,22191.0,11801.0,3703.0,2287.0
2025-05-02,17.358333333333334,67.58333333333333,2.9583333333333335,0.0,27203.0,14351.0,3067.0,1652.0
2025-05-03,16.554166666666667,77.95833333333333,7.05,14.799999999999999,17421.0,8839.0,913.0,710.0
2025-05-04,13.291666666666666,87.25,9.695833333333333,17.5,7702.0,4182.0,559.0,421.0
2025-05-05,7.4875,91.45833333333333,13.804166666666667,22.7,13020.0,6596.0,121.0,52.0
2025-05-06,8.279166666666667,81.08333333333333,14.029166666666667,2.9,20597.0,10488.0,438.0,303.0
2025-05-07,9.054166666666667,82.625,8.320833333333333,7.4,25110.0,13104.0,565.0,416.0
2025-05-08,10.679166666666667,73.95833333333333,8.225,0.0,30176.0,15670.0,748.0,642.0
2025-05-09,9.458333333333334,76.25,9.2375,4.0,28393.0,14667.0,670.0,581.0
2025-05-10,11.483333333333334,73.83333333333333,3.9625,0.0,25731.0,13383.0,1872.0,1657.0
2025-05-11,13.695833333333333,70.41666666666667,5.304166666666666,0.0,20585.0,11636.0,2763.0,2349.0
2025-05-12,14.0875,75.20833333333333,5.733333333333333,1.4,28034.0,14787.0,607.0,521.0
2025-05-13,13.745833333333332,73.41666666666667,3.295833333333333,1.1,34206.0,18224.0,990.0,837.0
2025-05-14,14.054166666666667,65.20833333333333,3.1916666666666664,0.0,36750.0,19282.0,1362.0,1117.0
2025-05-15,14.216666666666667,61.291666666666664,8.370833333333334,0.0,36480.0,19204.0,272.0,224.0
2025-05-16,12.112499999999999,50.583333333333336,7.254166666666666,0.0,32333.0,16968.0,1066.0,926.0
2025-05-17,13.1,60.625,3.35,1.1,23962.0,12829.0,1284.0,1047.0
2025-05-18,13.875,67.66666666666667,5.204166666666667,0.8,20443.0,11060.0,2444.0,2152.0
2025-05-19,15.729166666666666,59.375,3.7916666666666665,0.0,33843.0,18136.0,976.0,798.0
2025-05-20,15.604166666666666,69.70833333333333,5.4750000000000005,5.7,27179.0,14242.0,566.0,451.0
2025-05-21,13.8375,87.41666666666667,5.9125000000000005,21.4,20963.0,10728.0,424.0,316.0
2025-05-22,10.450000000000001,91.29166666666667,5.545833333333333,13.8,23918.0,12142.0,315.0,227.0
2025-05-23,10.479166666666666,77.08333333333333,6.816666666666666,6.7,36972.0,17623.0,880.0,716.0
2025-05-24,11.820833333333333,62.708333333333336,5.4750000000000005,0.5,35385.0,16185.0,1304.0,1212.0
2025-05-25,13.612499999999999,78.91666666666667,7.033333333333334,3.3,20856.0,9790.0,872.0,787.0
2025-05-26,13.208333333333334,83.08333333333333,7.283333333333334,14.3,25699.0,12650.0,561.0,389.0
2025-05-27,13.862499999999999,75.75,4.7250000000000005,0.4,34936.0,17447.0,772.0,636.0
2025-05-28,13.879166666666668,83.70833333333333,10.220833333333333,9.200000000000001,24490.0,11865.0,387.0,250.0
2025-05-29,14.9625,77.08333333333333,5.2250000000000005,1.0,22939.0,11016.0,1842.0,1550.0
2025-05-30,18.04583333333333,73.625,2.4458333333333333,0.0,31877.0,15086.0,1427.0,1290.0
2025-05-31,19.920833333333334,74.70833333333333,2.408333333333333,0.4,27575.0,13425.0,1356.0,1198.0
2025-06-01,20.4,76.91666666666667,6.1125,5.1,20278.0,9964.0,1415.0,1293.0
2025-06-02,16.854166666666668,87.75,6.516666666666667,14.299999999999999,19419.0,9598.0,342.0,293.0
2025-06-03,17.591666666666665,83.45833333333333,3.85,0.5,33355.0,16465.0,824.0,677.0
2025-06-04,17.383333333333333,85.79166666666667,5.541666666666667,10.2,26226.0,13023.0,555.0,401.0
2025-06-05,16.6125,82.54166666666667,6.716666666666666,3.6,31325.0,16103.0,866.0,701.0
2025-06-06,17.8875,79.875,8.508333333333333,7.8,30027.0,15012.0,786.0,637.0
2025-06-07,16.345833333333335,88.5,6.220833333333334,16.4,13328.0,6419.0,537.0,336.0
2025-06-08,15.195833333333333,75.66666666666667,12.979166666666666,7.0,16161.0,8281.0,1702.0,1389.0
2025-06-09,16.020833333333332,66.41666666666667,3.7541666666666664,0.0,24333.0,12583.0,2374.0,2198.0
2025-06-10,17.7625,72.16666666666667,4.116666666666666,0.0,39644.0,20263.0,990.0,865.0
2025-06-11,19.133333333333333,68.625,5.1625000000000005,0.0,42964.0,21720.0,1209.0,976.0
2025-06-12,21.150000000000002,70.0,2.829166666666667,0.0,44584.0,22614.0,1117.0,908.0
2025-06-13,23.945833333333336,68.70833333333333,3.2458333333333336,0.0,42780.0,21985.0,1044.0,792.0
2025-06-14,23.620833333333334,73.79166666666667,3.2541666666666664,4.9,34048.0,16676.0,1241.0,1035.0
2025-06-15,21.258333333333333,79.41666666666667,6.079166666666667,15.999999999999998,18676.0,10445.0,1131.0,878.0
2025-06-16,17.833333333333332,74.04166666666667,8.225,0.8,35777.0,18826.0,921.0,679.0
2025-06-17,19.208333333333332,64.5,9.816666666666666,0.0,43673.0,22691.0,1182.0,991.0
2025-06-18,20.491666666666667,65.83333333333333,2.216666666666667,0.0,44395.0,22930.0,1147.0,979.0
2025-06-19,22.837500000000002,61.75,6.154166666666666,0.0,47470.0,23107.0,1303.0,1045.0
2025-06-20,23.304166666666664,52.0,8.825000000000001,0.0,40701.0,20316.0,1331.0,1054.0
2025-06-21,22.599999999999998,58.375,4.616666666666666,0.0,30773.0,15865.0,1620.0,1322.0
2025-06-22,24.125,61.5,5.2749999999999995,0.0,27086.0,14025.0,1597.0,1207.0
2025-06-23,22.84583333333333,68.41666666666667,10.220833333333333,5.2,35427.0,18455.0,882.0,689.0
2025-06-24,23.133333333333336,54.125,5.941666666666666,0.0,44910.0,22468.0,1109.0,787.0
2025-06-25,25.5,52.375,3.829166666666667,0.0,44226.0,22678.0,1106.0,872.0
2025-06-26,22.400000000000002,70.08333333333333,7.979166666666667,4.4,32350.0,16059.0,703.0,494.0
2025-06-27,21.920833333333334,67.95833333333333,5.058333333333333,0.4,39468.0,19601.0,1020.0,827.0
2025-06-28,24.8,59.125,2.875,0.0,31894.0,16467.0,1162.0,1018.0
2025-06-29,26.787499999999998,52.75,5.3374999999999995,0.0,24911.0,12777.0,1599.0,1327.0
2025-06-30,25.516666666666666,60.875,4.370833333333334,10.4,38589.0,19523.0,712.0,553.0
2025-07-01,25.71666666666667,64.125,3.9375,0.8999999999999999,41179.0,21125.0,794.0,589.0
2025-07-02,26.7375,60.333333333333336,3.8625000000000003,0.0,42983.0,22630.0,848.0,676.0
2025-07-03,24.09166666666667,67.58333333333333,6.954166666666667,0.30000000000000004,42111.0,20965.0,925.0,586.0
2025-07-04,21.7,75.45833333333333,4.420833333333333,5.8999999999999995,37468.0,18489.0,934.0,748.0
2025-07-05,22.833333333333332,61.375,4.6625000000000005,0.0,32255.0,15922.0,1469.0,1178.0
2025-07-06,20.712500000000002,52.0,7.195833333333333,1.0,20881.0,10569.0,1468.0,1066.0
2025-07-07,15.9,82.04166666666667,10.708333333333334,13.5,18584.0,8821.0,346.0,244.0
2025-07-08,12.9,82.875,10.862499999999999,14.0,25559.0,12633.0,651.0,474.0
2025-07-09,15.266666666666666,69.83333333333333,4.141666666666667,0.4,39167.0,20585.0,1123.0,870.0
2025-07-10,17.320833333333333,66.0,4.741666666666666,0.0,44202.0,22467.0,1204.0,1021.0
2025-07-11,19.1125,68.0,3.0500000000000003,0.1,39795.0,20008.0,1343.0,1154.0
2025-07-12,20.566666666666666,58.0,3.8041666666666667,0.0,32412.0,15990.0,1835.0,1450.0
2025-07-13,21.90416666666667,63.375,6.329166666666667,0.9,24952.0,12601.0,1918.0,1426.0
2025-07-14,20.929166666666667,74.5,8.654166666666667,4.0,23519.0,11606.0,640.0,465.0
2025-07-15,19.7375,79.75,7.895833333333333,3.3,28219.0,13474.0,898.0,605.0
2025-07-16,18.4875,74.375,7.175,5.799999999999999,33958.0,16794.0,909.0,622.0
2025-07-17,18.570833333333333,70.95833333333333,3.720833333333333,1.9000000000000001,37342.0,18474.0,1228.0,1040.0
2025-07-18,20.158333333333335,70.66666666666667,2.6833333333333336,0.0,36954.0,17673.0,1283.0,1039.0
2025-07-19,19.745833333333334,84.75,4.383333333333334,10.4,21532.0,10291.0,872.0,651.0
2025-07-20,21.095833333333335,80.125,3.466666666666667,3.0,18856.0,9322.0,1195.0,1035.0
2025-07-21,18.425,84.5,5.320833333333334,22.2,21870.0,10419.0,688.0,556.0
2025-07-22,18.266666666666666,73.45833333333333,11.075000000000001,8.700000000000001,30977.0,14763.0,2764.0,1809.0
2025-07-23,19.724999999999998,66.08333333333333,3.0416666666666665,1.7,35485.0,17185.0,3085.0,1925.0
2025-07-24,17.508333333333333,83.70833333333333,3.5875,22.799999999999997,21166.0,9907.0,1720.0,1304.0
2025-07-25,17.445833333333333,79.91666666666667,3.029166666666667,5.7,23481.0,10911.0,2438.0,1670.0
2025-07-26,16.879166666666666,86.33333333333333,3.5625,21.2,13824.0,6244.0,478.0,395.0
2025-07-27,16.337500000000002,88.83333333333333,8.225,23.9,10790.0,5161.0,982.0,775.0
2025-07-28,14.2125,91.83333333333333,9.104166666666666,12.3,12822.0,5777.0,224.0,150.0
2025-07-29,15.804166666666667,77.70833333333333,3.6208333333333336,0.8,27767.0,13535.0,923.0,785.0
2025-07-30,16.25,81.20833333333333,5.658333333333334,0.6,26459.0,12732.0,695.0,547.0
2025-07-31,17.474999999999998,79.91666666666667,5.779166666666666,4.9,24178.0,11445.0,781.0,666.0
2025-08-01,17.129166666666666,84.95833333333333,8.004166666666666,13.1,13841.0,6725.0,1160.0,917.0
2025-08-02,14.733333333333334,87.95833333333333,6.204166666666667,11.1,10356.0,5029.0,1419.0,1157.0
2025-08-03,15.6,79.875,3.404166666666667,0.4,14742.0,7448.0,2655.0,1813.0
2025-08-04,17.125,82.29166666666667,3.0541666666666667,0.0,25203.0,12739.0,2311.0,1495.0
2025-08-05,19.266666666666666,83.04166666666667,5.508333333333333,1.6,32299.0,15980.0,2527.0,1500.0
2025-08-06,17.525000000000002,74.79166666666667,7.6625000000000005,0.6000000000000001,33355.0,16704.0,3030.0,1991.0
2025-08-07,19.133333333333333,75.79166666666667,2.5,0.0,35483.0,17934.0,1255.0,995.0
2025-08-08,22.34583333333333,76.95833333333333,2.5124999999999997,0.0,33650.0,16801.0,1199.0,954.0
2025-08-09,24.125,78.45833333333333,2.029166666666667,0.0,21060.0,10597.0,1021.0,1052.0
2025-08-10,23.425,69.875,5.629166666666666,0.0,21365.0,11274.0,1374.0,1219.0
2025-08-11,21.991666666666664,71.41666666666667,6.933333333333334,0.0,36577.0,18833.0,1098.0,821.0
2025-08-12,23.608333333333334,77.54166666666667,3.775,0.0,41300.0,20514.0,944.0,826.0
2025-08-13,25.370833333333334,67.375,2.658333333333333,0.0,40813.0,20703.0,1133.0,871.0
2025-08-14,25.183333333333334,67.16666666666667,2.5875,0.0,41651.0,20862.0,1172.0,837.0
2025-08-15,24.695833333333336,73.75,2.0166666666666666,0.2,36050.0,18092.0,957.0,847.0
2025-08-16,21.84166666666667,81.16666666666667,2.904166666666667,2.4,30732.0,15373.0,1370.0,1037.0
2025-08-17,20.116666666666667,78.79166666666667,5.995833333333334,1.1,25718.0,13073.0,2015.0,1697.0
2025-08-18,19.979166666666668,71.95833333333333,5.895833333333333,0.0,40677.0,20585.0,3713.0,2245.0
2025-08-19,21.191666666666666,71.83333333333333,3.8249999999999997,0.0,46523.0,23479.0,1223.0,975.0
2025-08-20,19.333333333333332,85.54166666666667,4.125,7.6000000000000005,26317.0,11657.0,582.0,485.0
2025-08-21,16.283333333333335,94.25,8.204166666666667,42.3,18469.0,8218.0,207.0,136.0
2025-08-22,17.412499999999998,80.16666666666667,4.741666666666666,1.7000000000000002,32868.0,14813.0,1143.0,939.0
2025-08-23,16.191666666666666,68.70833333333333,4.754166666666666,0.30000000000000004,26104.0,12155.0,3453.0,2630.0
2025-08-24,16.404166666666665,72.04166666666667,3.8166666666666664,0.0,22237.0,10748.0,4116.0,3340.0
2025-08-25,17.245833333333334,76.125,2.7291666666666665,0.0,36679.0,16766.0,3534.0,2330.0
2025-08-26,20.075,78.29166666666667,3.65,0.0,42384.0,19806.0,4081.0,2376.0
2025-08-27,20.349999999999998,82.33333333333333,3.3708333333333336,1.3,35194.0,17182.0,3059.0,2073.0
2025-08-28,17.733333333333334,92.70833333333333,4.3125,32.2,19477.0,9104.0,1940.0,1310.0
2025-08-29,16.8625,77.625,5.566666666666666,10.5,30688.0,14337.0,3082.0,2018.0
2025-08-30,16.083333333333332,78.16666666666667,7.7250000000000005,1.0,21650.0,9986.0,1128.0,953.0
2025-08-31,17.120833333333334,79.91666666666667,2.5500000000000003,0.0,23072.0,11236.0,2383.0,2098.0
2025-09-01,16.35,87.70833333333333,4.483333333333333,18.7,23929.0,11317.0,509.0,434.0
2025-09-02,15.6875,81.95833333333333,4.116666666666666,2.4,34060.0,17483.0,914.0,679.0
2025-09-03,17.629166666666666,77.0,3.0374999999999996,0.0,37716.0,19200.0,1032.0,891.0
2025-09-04,17.929166666666667,87.29166666666667,6.416666666666667,23.8,26890.0,13113.0,478.0,431.0
2025-09-05,14.6625,85.33333333333333,5.133333333333334,14.3,20246.0,9537.0,683.0,505.0
2025-09-06,14.954166666666666,78.66666666666667,4.954166666666667,0.0,23658.0,11161.0,1721.0,1485.0
2025-09-07,16.037499999999998,85.25,2.5625,0.0,21590.0,11177.0,2210.0,2046.0
2025-09-08,17.650000000000002,88.45833333333333,2.5375,0.0,31008.0,15934.0,686.0,531.0
2025-09-09,16.858333333333334,84.5,6.125,9.299999999999999,24776.0,12579.0,694.0,610.0
2025-09-10,15.6625,85.33333333333333,3.4916666666666667,3.9,27250.0,13582.0,872.0,665.0
2025-09-11,15.6875,78.875,9.387500000000001,3.6,33168.0,15897.0,762.0,656.0
2025-09-12,14.229166666666666,81.04166666666667,3.8874999999999997,4.1,24885.0,12003.0,666.0,644.0
2025-09-13,15.15,80.75,3.1833333333333336,0.0,22265.0,10814.0,1249.0,988.0
2025-09-14,16.466666666666665,77.33333333333333,10.791666666666666,10.6,15912.0,7840.0,1746.0,1485.0
2025-09-15,18.583333333333332,78.625,11.695833333333333,6.1,29198.0,14147.0,1030.0,811.0
2025-09-16,14.862499999999999,73.04166666666667,10.325000000000001,1.1,34658.0,16790.0,807.0,726.0
2025-09-17,14.445833333333333,78.04166666666667,2.7916666666666665,0.0,35139.0,17682.0,1102.0,891.0
2025-09-18,16.983333333333334,82.70833333333333,1.8166666666666667,0.0,36264.0,16829.0,1126.0,906.0
2025-09-19,17.133333333333333,85.54166666666667,2.433333333333333,0.0,32280.0,15266.0,1083.0,943.0
2025-09-20,18.758333333333333,86.58333333333333,2.2958333333333334,0.0,27543.0,13615.0,1400.0,1173.0
2025-09-21,18.441666666666666,84.91666666666667,5.645833333333333,14.4,17997.0,9051.0,1415.0,1086.0
2025-09-22,13.354166666666666,93.45833333333333,11.458333333333334,22.0,15780.0,7765.0,283.0,183.0
2025-09-23,11.325000000000001,90.125,10.341666666666667,3.5,24456.0,12120.0,396.0,305.0
2025-09-24,11.008333333333333,92.625,6.445833333333333,6.3,20986.0,10584.0,310.0,213.0
2025-09-25,11.1,85.75,5.616666666666667,5.9,27657.0,13462.0,626.0,432.0
2025-09-26,10.945833333333333,87.29166666666667,5.108333333333333,3.3000000000000003,22996.0,11304.0,495.0,393.0
2025-09-27,10.754166666666668,81.79166666666667,4.204166666666667,7.3,14687.0,7172.0,699.0,675.0
2025-09-28,11.862499999999999,85.79166666666667,5.791666666666667,0.30000000000000004,16485.0,7978.0,1151.0,961.0
2025-09-29,12.495833333333332,83.33333333333333,3.7416666666666667,0.2,30330.0,15047.0,761.0,620.0
2025-09-30,11.483333333333334,90.0,2.9375,4.4,31829.0,15664.0,616.0,482.0
2025-10-01,10.387500000000001,80.66666666666667,8.995833333333334,0.9,31884.0,15649.0,856.0,666.0
2025-10-02,8.2,79.79166666666667,6.504166666666666,0.0,32386.0,15931.0,931.0,769.0
2025-10-03,7.683333333333334,87.75,2.2291666666666665,0.0,26346.0,13034.0,745.0,636.0
2025-10-04,12.6625,82.95833333333333,11.254166666666668,6.2,14495.0,7153.0,684.0,590.0
2025-10-05,8.737499999999999,81.29166666666667,15.0375,10.6,9614.0,4640.0,1009.0,849.0
2025-10-06,9.9,78.54166666666667,7.345833333333334,0.7,20053.0,9772.0,567.0,464.0
2025-10-07,11.533333333333333,82.70833333333333,4.291666666666667,0.1,26379.0,12894.0,1178.0,1026.0
2025-10-08,10.729166666666666,90.45833333333333,1.925,0.0,24656.0,11875.0,2167.0,1480.0
2025-10-09,12.454166666666666,93.08333333333333,3.704166666666667,0.2,23723.0,11125.0,2003.0,1260.0
2025-10-10,11.762500000000001,86.5,7.6499999999999995,0.1,21639.0,10106.0,2233.0,1588.0
2025-10-11,10.950000000000001,84.70833333333333,7.133333333333333,0.0,15360.0,6911.0,2059.0,1476.0
2025-10-12,9.933333333333334,87.0,4.004166666666666,0.0,11521.0,5334.0,1924.0,1558.0
2025-10-13,9.729166666666666,87.25,7.666666666666667,0.0,20839.0,9900.0,477.0,403.0
2025-10-14,10.525,85.0,5.325,0.4,24288.0,11648.0,645.0,519.0
2025-10-15,9.237499999999999,83.875,6.7124999999999995,0.0,25335.0,12097.0,702.0,597.0
2025-10-16,9.4625,86.58333333333333,6.358333333333333,0.1,24567.0,11681.0,661.0,541.0
2025-10-17,8.970833333333333,84.54166666666667,5.695833333333333,0.5,21672.0,10268.0,581.0,491.0
2025-10-18,8.041666666666666,83.33333333333333,4.920833333333333,0.0,17858.0,8265.0,1566.0,1311.0
2025-10-19,7.741666666666667,93.20833333333333,1.7958333333333334,0.0,13188.0,6556.0,1251.0,1169.0
2025-10-20,9.383333333333333,96.20833333333333,3.0083333333333333,1.2,22270.0,10745.0,417.0,338.0
2025-10-21,11.591666666666667,87.20833333333333,3.6374999999999997,9.1,25491.0,12191.0,647.0,629.0
2025-10-22,12.783333333333333,90.45833333333333,4.495833333333334,17.8,18488.0,8836.0,458.0,371.0
2025-10-23,10.825000000000001,85.08333333333333,16.604166666666668,15.700000000000001,20652.0,9665.0,386.0,307.0
2025-10-24,7.758333333333333,73.45833333333333,17.645833333333332,8.3,22558.0,10786.0,781.0,657.0
2025-10-25,8.387500000000001,88.66666666666667,11.237499999999999,19.7,10339.0,4907.0,332.0,230.0
2025-10-26,7.116666666666667,79.875,15.879166666666665,6.3,10652.0,5064.0,1247.0,1045.0
2025-10-27,6.808333333333334,84.33333333333333,21.9875,14.8,13104.0,6049.0,141.0,94.0
2025-10-28,9.620833333333334,82.66666666666667,11.258333333333333,1.9000000000000001,28892.0,13928.0,924.0,844.0
2025-10-29,7.8999999999999995,90.20833333333333,2.8333333333333335,0.5,30108.0,14871.0,985.0,831.0
2025-10-30,9.8375,91.75,4.691666666666666,3.6,27278.0,13360.0,536.0,457.0
2025-10-31,8.9375,94.0,1.8333333333333333,0.0,28128.0,13685.0,816.0,730.0
2025-11-01,9.950000000000001,94.33333333333333,2.1374999999999997,0.8,16998.0,8288.0,577.0,493.0
2025-11-02,9.954166666666667,93.79166666666667,6.925,27.4,6852.0,3251.0,374.0,220.0
2025-11-03,7.870833333333334,85.375,4.3500000000000005,0.3,28173.0,14008.0,886.0,750.0
2025-11-04,5.991666666666667,92.625,1.4791666666666667,0.0,32018.0,15930.0,972.0,858.0
2025-11-05,5.366666666666667,93.54166666666667,2.2958333333333334,0.0,30795.0,15646.0,996.0,888.0
2025-11-06,4.720833333333333,94.29166666666667,2.591666666666667,0.0,29252.0,14323.0,649.0,483.0
2025-11-07,4.895833333333333,95.0,1.8541666666666667,0.0,25137.0,12412.0,500.0,404.0
2025-11-08,5.245833333333334,95.95833333333333,1.4166666666666667,0.0,16694.0,8042.0,833.0,699.0
2025-11-09,7.0874999999999995,94.79166666666667,1.8916666666666666,0.4,10957.0,5508.0,865.0,699.0
2025-11-10,6.358333333333333,95.08333333333333,3.1666666666666665,0.0,26200.0,12971.0,482.0,387.0
2025-11-11,7.758333333333333,89.875,1.8833333333333335,0.0,31113.0,15514.0,878.0,788.0
2025-11-12,5.8500000000000005,91.95833333333333,1.4291666666666665,0.0,29381.0,14783.0,883.0,699.0
2025-11-13,7.583333333333333,88.95833333333333,2.3125,0.0,30352.0,15141.0,864.0,848.0
2025-11-14,8.341666666666667,85.58333333333333,2.1958333333333333,0.0,27067.0,13438.0,715.0,613.0
2025-11-15,10.9625,83.75,4.2375,0.30000000000000004,19760.0,9595.0,1245.0,1149.0
2025-11-16,7.625,95.875,3.3666666666666667,1.2,11843.0,6164.0,1021.0,854.0
2025-11-17,5.641666666666667,94.125,6.858333333333333,17.3,18481.0,9212.0,352.0,268.0
2025-11-18,1.3541666666666667,85.5,5.5874999999999995,0.0,27505.0,13612.0,763.0,643.0
2025-11-19,0.7625000000000001,88.25,3.1666666666666665,0.0,25791.0,13368.0,731.0,679.0
2025-11-20,1.6624999999999999,84.20833333333333,10.095833333333333,3.7,20685.0,9996.0,1656.0,1353.0
2025-11-21,-0.17916666666666667,81.83333333333333,10.020833333333334,6.6,17919.0,8515.0,1674.0,1222.0
2025-11-22,-2.5083333333333333,83.41666666666667,6.0,0.0,12972.0,6231.0,1992.0,1782.0
2025-11-23,-1.6208333333333333,85.375,2.7125,1.1,9189.0,4289.0,1722.0,1530.0
2025-11-24,2.1374999999999997,97.58333333333333,4.783333333333333,34.8,11527.0,5460.0,958.0,710.0
2025-11-25,2.504166666666667,93.33333333333333,8.333333333333334,12.6,18620.0,9151.0,1502.0,1163.0
2025-11-26,1.5666666666666667,96.125,3.1458333333333335,10.5,18863.0,9171.0,1635.0,1200.0
2025-11-27,0.7208333333333333,91.70833333333333,4.308333333333334,0.4,24717.0,12224.0,2405.0,1812.0
2025-11-28,1.1791666666666667,89.20833333333333,1.6208333333333333,0.1,21701.0,10611.0,2298.0,1764.0
2025-11-29,3.5541666666666667,91.91666666666667,1.6208333333333333,0.7,14982.0,7017.0,2386.0,1837.0
2025-11-30,2.6999999999999997,97.20833333333333,3.5416666666666665,4.4,10406.0,5122.0,1733.0,1331.0
2025-12-01,3.716666666666667,90.83333333333333,3.65,0.7000000000000001,22787.0,11754.0,1907.0,1383.0
2025-12-02,1.2625,96.5,2.8541666666666665,0.0,26304.0,12963.0,2361.0,1744.0
2025-12-03,1.0791666666666666,97.25,2.775,0.0,24632.0,12024.0,1895.0,1439.0
2025-12-04,1.9083333333333332,97.0,2.8666666666666667,0.1,25252.0,12726.0,1906.0,1398.0
2025-12-05,3.3208333333333333,92.41666666666667,2.1333333333333333,1.7,19353.0,9453.0,1719.0,1380.0
2025-12-06,3.3041666666666667,91.58333333333333,4.391666666666667,6.6,13544.0,6511.0,2155.0,1628.0
2025-12-07,6.020833333333333,93.54166666666667,6.4375,24.2,6920.0,3461.0,1217.0,981.0
2025-12-08,9.3375,91.33333333333333,6.095833333333334,3.1,22634.0,11533.0,2168.0,1519.0
2025-12-09,4.733333333333333,95.95833333333333,2.245833333333333,0.0,26529.0,13235.0,1981.0,1478.0
2025-12-10,3.5541666666666667,94.79166666666667,2.4125,0.0,26249.0,13356.0,2108.0,1621.0
2025-12-11,6.033333333333334,93.125,2.533333333333333,0.1,27085.0,13210.0,2065.0,1516.0
2025-12-12,4.5249999999999995,97.41666666666667,2.35,0.0,23064.0,10063.0,2398.0,1868.0
2025-12-13,3.7416666666666667,96.70833333333333,2.3583333333333334,0.0,14743.0,6726.0,1837.0,1448.0
2025-12-14,2.0749999999999997,97.91666666666667,2.2208333333333337,0.0,9555.0,4846.0,1642.0,1276.0
2025-12-15,0.4375,95.45833333333333,2.858333333333333,0.0,22259.0,10002.0,1579.0,1230.0
2025-12-16,0.4875,97.75,2.966666666666667,0.0,24125.0,10590.0,1427.0,1326.0
2025-12-17,1.8583333333333334,98.45833333333333,2.029166666666667,0.0,23746.0,10672.0,2027.0,1473.0
2025-12-18,1.325,97.58333333333333,2.433333333333333,0.0,23908.0,10632.0,2003.0,1490.0
2025-12-19,1.1875,96.54166666666667,1.9916666666666665,0.0,20682.0,9195.0,1772.0,1459.0
2025-12-20,2.9250000000000003,96.79166666666667,2.1999999999999997,0.0,14011.0,6001.0,2259.0,1763.0
2025-12-21,1.3583333333333334,98.70833333333333,3.4791666666666665,0.0,8825.0,3721.0,1488.0,1096.0
2025-12-22,0.33749999999999997,95.91666666666667,3.608333333333333,0.0,14724.0,6270.0,1395.0,1118.0
2025-12-23,-0.08750000000000001,93.95833333333333,9.183333333333334,0.0,13683.0,5803.0,1483.0,1068.0
2025-12-24,0.6541666666666667,85.33333333333333,17.05,1.3,6926.0,2908.0,174.0,162.0
2025-12-25,-0.19166666666666665,86.45833333333333,10.183333333333334,0.0,3985.0,1483.0,454.0,420.0
